nom,adresse,Ã¢ge,code postal,e-mail
Edwin Davis Sr.,95991 S State Street,42,76465-1481,Ima11@yahoo.com
Damon Littel,8684 Kiehn Flats,76,58853-0139,Conor10@yahoo.com
Brittany Gottlieb,7272 Brandy Trafficway,76,04525-0298,Kevon_Ferry@yahoo.com
Timmy Blanda,992 Abbey Neck,69,23038,Stefan80@gmail.com
Colleen Walter,50350 Highfield Avenue,46,42791-9310,Jerrell.Bernier@gmail.com
Lola Schuster,5655 Ryan Falls,57,30058,Carrie57@yahoo.com
Dianne Armstrong,444 Christiana Hill,80,60769,Suzanne_Waelchi46@gmail.com
Everett Haley IV,7113 Hammes Grove,70,77391,Jovanny_Howell28@gmail.com
Patty Padberg,5425 Church Close,22,45310-4888,King.Hegmann@yahoo.com
Shelly Lebsack,30361 Cherry Street,38,85253-4351,Sage.Smith59@yahoo.com
Alexander DuBuque,334 Manor Close,26,35514-1782,Pascale5@yahoo.com
Ronnie Schmeler,36453 Bayer Fields,51,01424,Ryleigh.Cole@hotmail.com
Terrell Halvorson,11890 Johnson Brooks,76,93711,Delphine_Hilpert@hotmail.com
Austin Mann,406 Samir Gardens,90,83878-9012,Tyrique85@yahoo.com
Benjamin Howe,16292 Quitzon Green,61,43747,Verdie91@gmail.com
Mario Armstrong,5499 Rocky Mews,49,42136,Zane77@yahoo.com
Melinda Rohan,16317 Lilian Run,47,64182-4135,Cassie_Auer-Block44@yahoo.com
Ryan Schiller,9696 The Oaks,84,77273,Gust_Cruickshank17@yahoo.com
Bryan Bartoletti I,894 Bret Shoal,86,82000,Kamryn47@yahoo.com
Raquel Kuhic,713 The Drive,18,09465-2831,Zena_Gibson-Marvin72@hotmail.com
Wendy McDermott Sr.,2245 Winnifred Wall,30,35750-1838,Jorge.Aufderhar@hotmail.com
Deborah Prohaska,22753 The Drive,40,52009-6883,Margarett.Ferry@gmail.com
Cathy Boyer,52045 Bosco Ways,45,15505-5237,Reanna.Bernhard75@gmail.com